{
  "val": {
    "precision": 0.5826446280991735,
    "recall": 0.7540106951871658,
    "f1": 0.6573426573426573,
    "auc": 0.8604717249218528,
    "tn": 833,
    "fp": 202,
    "fn": 92,
    "tp": 282,
    "chosen_threshold": 0.59
  },
  "test": {
    "precision": 0.5467479674796748,
    "recall": 0.7192513368983957,
    "f1": 0.6212471131639723,
    "auc": 0.8376527422563228,
    "tn": 812,
    "fp": 223,
    "fn": 105,
    "tp": 269,
    "used_threshold": 0.59
  }
}