{
  "val": {
    "precision": 0.5859213250517599,
    "recall": 0.7566844919786097,
    "f1": 0.6604434072345391,
    "auc": 0.8581776847761503,
    "tn": 835,
    "fp": 200,
    "fn": 91,
    "tp": 283,
    "used_threshold": 0.55
  },
  "test": {
    "precision": 0.5354330708661418,
    "recall": 0.7272727272727273,
    "f1": 0.6167800453514739,
    "auc": 0.8342685163657031,
    "tn": 799,
    "fp": 236,
    "fn": 102,
    "tp": 272,
    "used_threshold": 0.55
  },
  "used_threshold": 0.55,
  "model_name": "rf"
}