{
  "val": {
    "precision": 0.5462633451957295,
    "recall": 0.820855614973262,
    "f1": 0.655982905982906,
    "auc": 0.8606189774987729,
    "tn": 780,
    "fp": 255,
    "fn": 67,
    "tp": 307,
    "used_threshold": 0.52
  },
  "test": {
    "precision": 0.5295169946332737,
    "recall": 0.7914438502673797,
    "f1": 0.6345123258306538,
    "auc": 0.8334470019892015,
    "tn": 772,
    "fp": 263,
    "fn": 78,
    "tp": 296,
    "used_threshold": 0.52
  },
  "used_threshold": 0.52,
  "model_name": "xgb"
}