{
  "val": {
    "precision": 0.6082004555808656,
    "recall": 0.713903743315508,
    "f1": 0.6568265682656826,
    "auc": 0.8588932806324111,
    "tn": 863,
    "fp": 172,
    "fn": 107,
    "tp": 267,
    "chosen_threshold": 0.64
  },
  "test": {
    "precision": 0.5639269406392694,
    "recall": 0.660427807486631,
    "f1": 0.6083743842364532,
    "auc": 0.8370740654628122,
    "tn": 844,
    "fp": 191,
    "fn": 127,
    "tp": 247,
    "used_threshold": 0.64
  }
}