{
  "val": {
    "precision": 0.5702970297029702,
    "recall": 0.7700534759358288,
    "f1": 0.6552901023890785,
    "auc": 0.8570099976749594,
    "tn": 818,
    "fp": 217,
    "fn": 86,
    "tp": 288,
    "used_threshold": 0.54
  },
  "test": {
    "precision": 0.5360623781676414,
    "recall": 0.7352941176470589,
    "f1": 0.6200676437429538,
    "auc": 0.8345681882766282,
    "tn": 797,
    "fp": 238,
    "fn": 99,
    "tp": 275,
    "used_threshold": 0.54
  },
  "used_threshold": 0.54,
  "model_name": "rf"
}