{
  "logreg": {
    "val": {
      "precision": 0.5826446280991735,
      "recall": 0.7540106951871658,
      "f1": 0.6573426573426573,
      "auc": 0.8603528895088998,
      "tn": 833,
      "fp": 202,
      "fn": 92,
      "tp": 282,
      "used_threshold": 0.59
    },
    "test": {
      "precision": 0.5458248472505092,
      "recall": 0.7165775401069518,
      "f1": 0.6196531791907515,
      "auc": 0.8375804076571342,
      "tn": 812,
      "fp": 223,
      "fn": 106,
      "tp": 268,
      "used_threshold": 0.59
    },
    "thr": 0.59
  },
  "rf": {
    "val": {
      "precision": 0.5859213250517599,
      "recall": 0.7566844919786097,
      "f1": 0.6604434072345391,
      "auc": 0.8581776847761503,
      "tn": 835,
      "fp": 200,
      "fn": 91,
      "tp": 283,
      "used_threshold": 0.55
    },
    "test": {
      "precision": 0.5354330708661418,
      "recall": 0.7272727272727273,
      "f1": 0.6167800453514739,
      "auc": 0.8342685163657031,
      "tn": 799,
      "fp": 236,
      "fn": 102,
      "tp": 272,
      "used_threshold": 0.55
    },
    "thr": 0.55
  },
  "xgb": {
    "val": {
      "precision": 0.5711462450592886,
      "recall": 0.7727272727272727,
      "f1": 0.6568181818181819,
      "auc": 0.8586259009532667,
      "tn": 818,
      "fp": 217,
      "fn": 85,
      "tp": 289,
      "used_threshold": 0.55
    },
    "test": {
      "precision": 0.541015625,
      "recall": 0.7406417112299465,
      "f1": 0.6252821670428894,
      "auc": 0.833642047069157,
      "tn": 800,
      "fp": 235,
      "fn": 97,
      "tp": 277,
      "used_threshold": 0.55
    },
    "thr": 0.55
  }
}