{
  "logreg": {
    "val": {
      "precision": 0.5826446280991735,
      "recall": 0.7540106951871658,
      "f1": 0.6573426573426573,
      "auc": 0.8603528895088998,
      "tn": 833,
      "fp": 202,
      "fn": 92,
      "tp": 282,
      "used_threshold": 0.59
    },
    "test": {
      "precision": 0.5458248472505092,
      "recall": 0.7165775401069518,
      "f1": 0.6196531791907515,
      "auc": 0.8375804076571342,
      "tn": 812,
      "fp": 223,
      "fn": 106,
      "tp": 268,
      "used_threshold": 0.59
    },
    "thr": 0.59
  },
  "rf": {
    "val": {
      "precision": 0.5859213250517599,
      "recall": 0.7566844919786097,
      "f1": 0.6604434072345391,
      "auc": 0.8581776847761503,
      "tn": 835,
      "fp": 200,
      "fn": 91,
      "tp": 283,
      "used_threshold": 0.55
    },
    "test": {
      "precision": 0.5354330708661418,
      "recall": 0.7272727272727273,
      "f1": 0.6167800453514739,
      "auc": 0.8342685163657031,
      "tn": 799,
      "fp": 236,
      "fn": 102,
      "tp": 272,
      "used_threshold": 0.55
    },
    "thr": 0.55
  },
  "xgb": {
    "val": {
      "precision": 0.5275735294117647,
      "recall": 0.767379679144385,
      "f1": 0.6252723311546841,
      "auc": 0.8346056472654939,
      "tn": 778,
      "fp": 257,
      "fn": 87,
      "tp": 287,
      "used_threshold": 0.38
    },
    "test": {
      "precision": 0.5056179775280899,
      "recall": 0.7219251336898396,
      "f1": 0.5947136563876652,
      "auc": 0.8038776511922292,
      "tn": 771,
      "fp": 264,
      "fn": 104,
      "tp": 270,
      "used_threshold": 0.38
    },
    "thr": 0.38
  }
}