{
  "logreg": {
    "val": {
      "precision": 0.5826446280991735,
      "recall": 0.7540106951871658,
      "f1": 0.6573426573426573,
      "auc": 0.8604717249218528,
      "tn": 833,
      "fp": 202,
      "fn": 92,
      "tp": 282,
      "chosen_threshold": 0.59
    },
    "test": {
      "precision": 0.5467479674796748,
      "recall": 0.7192513368983957,
      "f1": 0.6212471131639723,
      "auc": 0.8376527422563228,
      "tn": 812,
      "fp": 223,
      "fn": 105,
      "tp": 269,
      "used_threshold": 0.59
    }
  },
  "rf": {
    "val": {
      "precision": 0.5831435079726651,
      "recall": 0.6844919786096256,
      "f1": 0.6297662976629766,
      "auc": 0.8403949985791417,
      "tn": 852,
      "fp": 183,
      "fn": 118,
      "tp": 256,
      "chosen_threshold": 0.35
    },
    "test": {
      "precision": 0.5476718403547672,
      "recall": 0.660427807486631,
      "f1": 0.5987878787878788,
      "auc": 0.8150895140664962,
      "tn": 831,
      "fp": 204,
      "fn": 127,
      "tp": 247,
      "used_threshold": 0.35
    }
  },
  "xgb": {
    "val": {
      "precision": 0.5456273764258555,
      "recall": 0.767379679144385,
      "f1": 0.6377777777777778,
      "auc": 0.8379627476814178,
      "tn": 796,
      "fp": 239,
      "fn": 87,
      "tp": 287,
      "chosen_threshold": 0.37
    },
    "test": {
      "precision": 0.5087378640776699,
      "recall": 0.7005347593582888,
      "f1": 0.5894263217097863,
      "auc": 0.8032421400707845,
      "tn": 782,
      "fp": 253,
      "fn": 112,
      "tp": 262,
      "used_threshold": 0.37
    }
  }
}