{
  "logreg": {
    "val": {
      "precision": 0.6082004555808656,
      "recall": 0.713903743315508,
      "f1": 0.6568265682656826,
      "auc": 0.8588932806324111,
      "tn": 863,
      "fp": 172,
      "fn": 107,
      "tp": 267,
      "chosen_threshold": 0.64
    },
    "test": {
      "precision": 0.5639269406392694,
      "recall": 0.660427807486631,
      "f1": 0.6083743842364532,
      "auc": 0.8370740654628122,
      "tn": 844,
      "fp": 191,
      "fn": 127,
      "tp": 247,
      "used_threshold": 0.64
    }
  },
  "rf": {
    "val": {
      "precision": 0.5844748858447488,
      "recall": 0.6844919786096256,
      "f1": 0.6305418719211823,
      "auc": 0.8403329974941229,
      "tn": 853,
      "fp": 182,
      "fn": 118,
      "tp": 256,
      "chosen_threshold": 0.35
    },
    "test": {
      "precision": 0.6624203821656051,
      "recall": 0.27807486631016043,
      "f1": 0.391713747645951,
      "auc": 0.8150546384561731,
      "tn": 982,
      "fp": 53,
      "fn": 270,
      "tp": 104,
      "used_threshold": 0.64
    }
  },
  "xgb": {
    "val": {
      "precision": 0.5456273764258555,
      "recall": 0.767379679144385,
      "f1": 0.6377777777777778,
      "auc": 0.8379627476814178,
      "tn": 796,
      "fp": 239,
      "fn": 87,
      "tp": 287,
      "chosen_threshold": 0.37
    },
    "test": {
      "precision": 0.5650793650793651,
      "recall": 0.47593582887700536,
      "f1": 0.5166908563134979,
      "auc": 0.8032421400707845,
      "tn": 898,
      "fp": 137,
      "fn": 196,
      "tp": 178,
      "used_threshold": 0.64
    }
  }
}