{
  "logreg": {
    "val": {
      "precision": 0.5863539445628998,
      "recall": 0.7352941176470589,
      "f1": 0.6524317912218268,
      "auc": 0.859022449559534,
      "tn": 841,
      "fp": 194,
      "fn": 99,
      "tp": 275,
      "used_threshold": 0.61
    },
    "test": {
      "precision": 0.5579868708971554,
      "recall": 0.6818181818181818,
      "f1": 0.6137184115523465,
      "auc": 0.8394094396651941,
      "tn": 833,
      "fp": 202,
      "fn": 119,
      "tp": 255,
      "used_threshold": 0.61
    },
    "thr": 0.61
  },
  "rf": {
    "val": {
      "precision": 0.5702970297029702,
      "recall": 0.7700534759358288,
      "f1": 0.6552901023890785,
      "auc": 0.8570099976749594,
      "tn": 818,
      "fp": 217,
      "fn": 86,
      "tp": 288,
      "used_threshold": 0.54
    },
    "test": {
      "precision": 0.5360623781676414,
      "recall": 0.7352941176470589,
      "f1": 0.6200676437429538,
      "auc": 0.8345681882766282,
      "tn": 797,
      "fp": 238,
      "fn": 99,
      "tp": 275,
      "used_threshold": 0.54
    },
    "thr": 0.54
  },
  "xgb": {
    "val": {
      "precision": 0.545631067961165,
      "recall": 0.7513368983957219,
      "f1": 0.6321709786276716,
      "auc": 0.8334625022604563,
      "tn": 801,
      "fp": 234,
      "fn": 93,
      "tp": 281,
      "used_threshold": 0.42
    },
    "test": {
      "precision": 0.5163934426229508,
      "recall": 0.6737967914438503,
      "f1": 0.5846867749419954,
      "auc": 0.8017825311942959,
      "tn": 799,
      "fp": 236,
      "fn": 122,
      "tp": 252,
      "used_threshold": 0.42
    },
    "thr": 0.42
  }
}