{
  "logreg": {
    "val": {
      "precision": 0.5863539445628998,
      "recall": 0.7352941176470589,
      "f1": 0.6524317912218268,
      "auc": 0.859022449559534,
      "tn": 841,
      "fp": 194,
      "fn": 99,
      "tp": 275,
      "used_threshold": 0.61
    },
    "test": {
      "precision": 0.5579868708971554,
      "recall": 0.6818181818181818,
      "f1": 0.6137184115523465,
      "auc": 0.8394094396651941,
      "tn": 833,
      "fp": 202,
      "fn": 119,
      "tp": 255,
      "used_threshold": 0.61
    },
    "thr": 0.61
  },
  "rf": {
    "val": {
      "precision": 0.5702970297029702,
      "recall": 0.7700534759358288,
      "f1": 0.6552901023890785,
      "auc": 0.8570099976749594,
      "tn": 818,
      "fp": 217,
      "fn": 86,
      "tp": 288,
      "used_threshold": 0.54
    },
    "test": {
      "precision": 0.5360623781676414,
      "recall": 0.7352941176470589,
      "f1": 0.6200676437429538,
      "auc": 0.8345681882766282,
      "tn": 797,
      "fp": 238,
      "fn": 99,
      "tp": 275,
      "used_threshold": 0.54
    },
    "thr": 0.54
  },
  "xgb": {
    "val": {
      "precision": 0.5462633451957295,
      "recall": 0.820855614973262,
      "f1": 0.655982905982906,
      "auc": 0.8606189774987729,
      "tn": 780,
      "fp": 255,
      "fn": 67,
      "tp": 307,
      "used_threshold": 0.52
    },
    "test": {
      "precision": 0.5295169946332737,
      "recall": 0.7914438502673797,
      "f1": 0.6345123258306538,
      "auc": 0.8334470019892015,
      "tn": 772,
      "fp": 263,
      "fn": 78,
      "tp": 296,
      "used_threshold": 0.52
    },
    "thr": 0.52
  }
}