{
  "logreg": {
    "val": {
      "precision": 0.6082004555808656,
      "recall": 0.713903743315508,
      "f1": 0.6568265682656826,
      "auc": 0.8588932806324111,
      "tn": 863,
      "fp": 172,
      "fn": 107,
      "tp": 267,
      "chosen_threshold": 0.64
    },
    "test": {
      "precision": 0.5639269406392694,
      "recall": 0.660427807486631,
      "f1": 0.6083743842364532,
      "auc": 0.8370740654628122,
      "tn": 844,
      "fp": 191,
      "fn": 127,
      "tp": 247,
      "used_threshold": 0.64
    }
  },
  "rf": {
    "val": {
      "precision": 0.6018735362997658,
      "recall": 0.6871657754010695,
      "f1": 0.6416978776529338,
      "auc": 0.8490325247358496,
      "tn": 865,
      "fp": 170,
      "fn": 117,
      "tp": 257,
      "chosen_threshold": 0.38
    },
    "test": {
      "precision": 0.5599078341013825,
      "recall": 0.6497326203208557,
      "f1": 0.6014851485148515,
      "auc": 0.8221653878942882,
      "tn": 844,
      "fp": 191,
      "fn": 131,
      "tp": 243,
      "used_threshold": 0.38
    }
  },
  "xgb": {
    "val": {
      "precision": 0.5347490347490348,
      "recall": 0.7406417112299465,
      "f1": 0.6210762331838565,
      "auc": 0.8253558603942236,
      "tn": 794,
      "fp": 241,
      "fn": 97,
      "tp": 277,
      "chosen_threshold": 0.33
    },
    "test": {
      "precision": 0.5030425963488844,
      "recall": 0.6631016042780749,
      "f1": 0.5720876585928489,
      "auc": 0.7960422640729545,
      "tn": 790,
      "fp": 245,
      "fn": 126,
      "tp": 248,
      "used_threshold": 0.33
    }
  }
}